region,month,x_residual,y_residual,p95_rooftop_mw_raw,deepest_min_demand_raw,beta_p95,p_value,r_squared,n_obs,region_short,region_long
SA1,2022-08-01,-22.789743750001435,-47.64109375000021,1064.025,327.0,-0.33750771027799337,0.007320605763211178,0.9332284205449455,44,SA,South Australia
SA1,2022-09-01,-35.87051875000088,11.928906249999699,1277.9845,161.15,-0.33750771027799337,0.007320605763211178,0.9332284205449455,44,SA,South Australia
SA1,2022-10-01,-94.84224375000076,46.258906249999875,1311.882,61.09,-0.33750771027799337,0.007320605763211178,0.9332284205449455,44,SA,South Australia
SA1,2022-11-01,-36.6186687500001,-13.2460937500001,1427.8769,66.19,-0.33750771027799337,0.007320605763211178,0.9332284205449455,44,SA,South Australia
SA1,2022-12-01,-5.368868750000502,87.29390625000005,1498.7914999999998,119.6,-0.33750771027799337,0.007320605763211178,0.9332284205449455,44,SA,South Australia
SA1,2023-01-01,11.84238124999979,74.56640625000006,1502.9105,210.09,-0.33750771027799337,0.007320605763211178,0.9332284205449455,44,SA,South Australia
SA1,2023-02-01,35.721331250000276,-26.076093750000055,1483.77605,87.89,-0.33750771027799337,0.007320605763211178,0.9332284205449455,44,SA,South Australia
SA1,2023-03-01,63.62075625000057,23.263906250000204,1447.1475,147.51,-0.33750771027799337,0.007320605763211178,0.9332284205449455,44,SA,South Australia
SA1,2023-04-01,113.43245416666696,-86.31406249999961,1310.4189999999999,137.51,-0.33750771027799337,0.007320605763211178,0.9332284205449455,44,SA,South Australia
SA1,2023-05-01,23.158254166667348,3.285937500000216,1058.462,403.16,-0.33750771027799337,0.007320605763211178,0.9332284205449455,44,SA,South Australia
SA1,2023-06-01,62.20503750000114,-19.584062499999845,938.6447,603.54,-0.33750771027799337,0.007320605763211178,0.9332284205449455,44,SA,South Australia
SA1,2023-07-01,44.503587500000435,-93.1807291666662,1057.524,513.47,-0.33750771027799337,0.007320605763211178,0.9332284205449455,44,SA,South Australia
SA1,2023-08-01,19.913335416667223,50.35630208333356,1253.7965,349.55,-0.33750771027799337,0.007320605763211178,0.9332284205449455,44,SA,South Australia
SA1,2023-09-01,12.468110416667969,-91.49369791666653,1473.39155,-17.72,-0.33750771027799337,0.007320605763211178,0.9332284205449455,44,SA,South Australia
SA1,2023-10-01,-4.617664583331816,23.47630208333363,1549.1750000000002,-37.14,-0.33750771027799337,0.007320605763211178,0.9332284205449455,44,SA,South Australia
SA1,2023-11-01,-13.31663958333138,7.681302083333665,1598.2473499999999,11.67,-0.33750771027799337,0.007320605763211178,0.9332284205449455,44,SA,South Australia
SA1,2023-12-01,-72.33728958333154,-1.41869791666619,1578.8915,-44.56,-0.33750771027799337,0.007320605763211178,0.9332284205449455,44,SA,South Australia
SA1,2024-01-01,-61.77903958333127,-21.976197916666194,1576.3575,38.1,-0.33750771027799337,0.007320605763211178,0.9332284205449455,44,SA,South Australia
SA1,2024-02-01,-12.50073958333087,-2.6586979166662914,1582.6224,35.86,-0.33750771027799337,0.007320605763211178,0.9332284205449455,44,SA,South Australia
SA1,2024-03-01,-49.70166458333074,39.60130208333398,1480.8935000000001,88.4,-0.33750771027799337,0.007320605763211178,0.9332284205449455,44,SA,South Australia
SA1,2024-04-01,-115.83086666666395,-18.14666666666585,1228.2241000000001,130.23,-0.33750771027799337,0.007320605763211178,0.9332284205449455,44,SA,South Australia
SA1,2024-05-01,-15.535666666663928,40.06333333333396,1166.8365,364.49,-0.33750771027799337,0.007320605763211178,0.9332284205449455,44,SA,South Australia
SA1,2024-06-01,-3.035433333330161,-23.39666666666608,1020.4726499999999,524.28,-0.33750771027799337,0.007320605763211178,0.9332284205449455,44,SA,South Australia
SA1,2024-07-01,46.774166666669316,29.25666666666757,1206.863,560.46,-0.33750771027799337,0.007320605763211178,0.9332284205449455,44,SA,South Australia
SA1,2024-08-01,27.561414583336045,-103.5563020833327,1408.513,120.19,-0.33750771027799337,0.007320605763211178,0.9332284205449455,44,SA,South Australia
SA1,2024-09-01,47.24053958333661,78.89369791666722,1655.2323999999999,77.22,-0.33750771027799337,0.007320605763211178,0.9332284205449455,44,SA,South Australia
SA1,2024-10-01,64.78391458333681,-95.7563020833326,1765.645,-231.82,-0.33750771027799337,0.007320605763211178,0.9332284205449455,44,SA,South Australia
SA1,2024-11-01,68.27988958333754,-35.16130208333257,1826.9123,-106.62,-0.33750771027799337,0.007320605763211178,0.9332284205449455,44,SA,South Australia
SA1,2024-12-01,68.74178958333732,31.188697916667564,1867.039,-87.4,-0.33750771027799337,0.007320605763211178,0.9332284205449455,44,SA,South Australia
SA1,2025-01-01,43.97303958333737,25.92119791666757,1829.1779999999999,10.55,-0.33750771027799337,0.007320605763211178,0.9332284205449455,44,SA,South Australia
SA1,2025-02-01,-41.478960416662176,-73.54130208333254,1700.7125999999998,-110.47,-0.33750771027799337,0.007320605763211178,0.9332284205449455,44,SA,South Australia
SA1,2025-03-01,-61.41258541666207,59.63869791666774,1616.251,32.99,-0.33750771027799337,0.007320605763211178,0.9332284205449455,44,SA,South Australia
SA1,2025-04-01,2.3984125000047243,104.4607291666679,1493.5218,177.39,-0.33750771027799337,0.007320605763211178,0.9332284205449455,44,SA,South Australia
SA1,2025-05-01,-7.622587499994779,-43.3492708333323,1321.8180000000002,205.63,-0.33750771027799337,0.007320605763211178,0.9332284205449455,44,SA,South Australia
SA1,2025-06-01,-59.1696041666612,42.9807291666678,1111.4069,515.21,-0.33750771027799337,0.007320605763211178,0.9332284205449455,44,SA,South Australia
SA1,2025-07-01,-91.27775416666191,63.92406250000124,1215.8795,519.68,-0.33750771027799337,0.007320605763211178,0.9332284205449455,44,SA,South Australia
SA1,2025-08-01,-24.685006249995013,100.84109375000105,1503.335,249.14,-0.33750771027799337,0.007320605763211178,0.9332284205449455,44,SA,South Australia
SA1,2025-09-01,-23.838131249994603,0.6710937500009777,1731.2221499999998,-76.45,-0.33750771027799337,0.007320605763211178,0.9332284205449455,44,SA,South Australia
SA1,2025-10-01,34.67599375000577,26.021093750001143,1882.6055000000001,-185.49,-0.33750771027799337,0.007320605763211178,0.9332284205449455,44,SA,South Australia
SA1,2025-11-01,-18.34458124999378,40.72609375000118,1887.3562499999998,-106.18,-0.33750771027799337,0.007320605763211178,0.9332284205449455,44,SA,South Australia
SA1,2025-12-01,8.964368750006088,-117.0639062499987,1954.33,-311.1,-0.33750771027799337,0.007320605763211178,0.9332284205449455,44,SA,South Australia
SA1,2026-01-01,5.96361875000639,-78.51140624999869,1938.237,-169.33,-0.33750771027799337,0.007320605763211178,0.9332284205449455,44,SA,South Australia
SA1,2026-02-01,18.258368750006866,102.27609375000124,1907.51835,-10.1,-0.33750771027799337,0.007320605763211178,0.9332284205449455,44,SA,South Australia
SA1,2026-03-01,47.49349375000679,-122.5039062499985,1872.2255,-224.6,-0.33750771027799337,0.007320605763211178,0.9332284205449455,44,SA,South Australia
VIC1,2022-08-01,73.38276249999763,-34.12921875000029,1818.5115,2758.8,-1.20155444856689,3.2212035838199564e-05,0.8951016679030063,44,VIC,Victoria
VIC1,2022-09-01,-46.89697500000102,168.5182812500002,2207.17355,2350.3,-1.20155444856689,3.2212035838199564e-05,0.8951016679030063,44,VIC,Victoria
VIC1,2022-10-01,-75.141737500001,32.50828125000089,2465.4195,2082.75,-1.20155444856689,3.2212035838199564e-05,0.8951016679030063,44,VIC,Victoria
VIC1,2022-11-01,-161.31511250000085,280.1332812500009,2407.5598499999996,2400.48,-1.20155444856689,3.2212035838199564e-05,0.8951016679030063,44,VIC,Victoria
VIC1,2022-12-01,-27.29236250000031,145.97828125000183,2723.4610000000002,1976.53,-1.20155444856689,3.2212035838199564e-05,0.8951016679030063,44,VIC,Victoria
VIC1,2023-01-01,-63.77011250000032,568.5432812500026,2645.0649999999996,2656.11,-1.20155444856689,3.2212035838199564e-05,0.8951016679030063,44,VIC,Victoria
VIC1,2023-02-01,-33.42267499999889,6.375781250002547,2629.60725,2507.4,-1.20155444856689,3.2212035838199564e-05,0.8951016679030063,44,VIC,Victoria
VIC1,2023-03-01,47.281512500000645,67.10578125000393,2525.1814999999997,2472.33,-1.20155444856689,3.2212035838199564e-05,0.8951016679030063,44,VIC,Victoria
VIC1,2023-04-01,135.86427500000082,-27.959479166662277,2224.91605,2530.08,-1.20155444856689,3.2212035838199564e-05,0.8951016679030063,44,VIC,Victoria
VIC1,2023-05-01,48.2680916666684,108.36052083333743,1799.1215000000002,2953.17,-1.20155444856689,3.2212035838199564e-05,0.8951016679030063,44,VIC,Victoria
VIC1,2023-06-01,145.79785833333472,-201.1294791666619,1524.4272,3325.93,-1.20155444856689,3.2212035838199564e-05,0.8951016679030063,44,VIC,Victoria
VIC1,2023-07-01,150.53259166666726,-602.1628124999961,1790.022,2690.39,-1.20155444856689,3.2212035838199564e-05,0.8951016679030063,44,VIC,Victoria
VIC1,2023-08-01,5.730337500001042,127.73026041667072,2148.8835,2728.19,-1.20155444856689,3.2212035838199564e-05,0.8951016679030063,44,VIC,Victoria
VIC1,2023-09-01,36.4173000000028,-254.402239583329,2688.51225,1734.91,-1.20155444856689,3.2212035838199564e-05,0.8951016679030063,44,VIC,Victoria
VIC1,2023-10-01,-30.1491624999976,-105.44223958332805,2908.4365,1752.33,-1.20155444856689,3.2212035838199564e-05,0.8951016679030063,44,VIC,Victoria
VIC1,2023-11-01,1.691812500002925,-203.21723958332814,2968.5912,1724.66,-1.20155444856689,3.2212035838199564e-05,0.8951016679030063,44,VIC,Victoria
VIC1,2023-12-01,-68.90178749999632,-181.68223958332692,3079.876,1456.4,-1.20155444856689,3.2212035838199564e-05,0.8951016679030063,44,VIC,Victoria
VIC1,2024-01-01,-61.80503749999616,-165.32723958332667,3045.0545,1729.77,-1.20155444856689,3.2212035838199564e-05,0.8951016679030063,44,VIC,Victoria
VIC1,2024-02-01,-2.348549999995157,-166.96473958332626,3058.7058,2141.59,-1.20155444856689,3.2212035838199564e-05,0.8951016679030063,44,VIC,Victoria
VIC1,2024-03-01,-8.823412499995811,-202.93473958332493,2867.1009999999997,2009.82,-1.20155444856689,3.2212035838199564e-05,0.8951016679030063,44,VIC,Victoria
VIC1,2024-04-01,-139.27344999999605,213.6100000000083,2347.8027499999994,2579.18,-1.20155444856689,3.2212035838199564e-05,0.8951016679030063,44,VIC,Victoria
VIC1,2024-05-01,-71.66133333332846,134.2900000000086,2077.2165,2786.63,-1.20155444856689,3.2212035838199564e-05,0.8951016679030063,44,VIC,Victoria
VIC1,2024-06-01,-64.16021666666188,301.03000000000884,1712.49355,3635.62,-1.20155444856689,3.2212035838199564e-05,0.8951016679030063,44,VIC,Victoria
VIC1,2024-07-01,45.14016666667089,355.76666666667506,2082.654,3455.85,-1.20155444856689,3.2212035838199564e-05,0.8951016679030063,44,VIC,Victoria
VIC1,2024-08-01,-136.09158749999506,-258.710260416658,2405.0860000000002,2149.28,-1.20155444856689,3.2212035838199564e-05,0.8951016679030063,44,VIC,Victoria
VIC1,2024-09-01,77.45962500000587,-121.63276041665813,3127.5789999999997,1675.21,-1.20155444856689,3.2212035838199564e-05,0.8951016679030063,44,VIC,Victoria
VIC1,2024-10-01,57.475912500006416,-62.99276041665712,3394.0860000000002,1602.31,-1.20155444856689,3.2212035838199564e-05,0.8951016679030063,44,VIC,Victoria
VIC1,2024-11-01,146.44668750000665,-244.2777604166572,3511.3705,1491.13,-1.20155444856689,3.2212035838199564e-05,0.8951016679030063,44,VIC,Victoria
VIC1,2024-12-01,56.93878750000704,64.07723958334418,3603.741,1509.69,-1.20155444856689,3.2212035838199564e-05,0.8951016679030063,44,VIC,Victoria
VIC1,2025-01-01,116.18303750000723,-302.4977604166554,3621.067,1400.13,-1.20155444856689,3.2212035838199564e-05,0.8951016679030063,44,VIC,Victoria
VIC1,2025-02-01,3.2116750000081993,56.23473958334489,3462.29045,2172.32,-1.20155444856689,3.2212035838199564e-05,0.8951016679030063,44,VIC,Victoria
VIC1,2025-03-01,65.30616250000821,-89.735260416654,3339.255,1930.55,-1.20155444856689,3.2212035838199564e-05,0.8951016679030063,44,VIC,Victoria
VIC1,2025-04-01,3.4091750000084176,-185.65052083332034,2888.5098000000003,1987.45,-1.20155444856689,3.2212035838199564e-05,0.8951016679030063,44,VIC,Victoria
VIC1,2025-05-01,23.39324166667575,-242.65052083332057,2570.2955,2217.22,-1.20155444856689,3.2212035838199564e-05,0.8951016679030063,44,VIC,Victoria
VIC1,2025-06-01,-81.63764166665806,-99.90052083332012,2093.04055,3042.22,-1.20155444856689,3.2212035838199564e-05,0.8951016679030063,44,VIC,Victoria
VIC1,2025-07-01,-195.67275833332542,246.3961458333465,2239.8655,3154.01,-1.20155444856689,3.2212035838199564e-05,0.8951016679030063,44,VIC,Victoria
VIC1,2025-08-01,56.978487500008214,165.1092187500126,2996.1805,2380.63,-1.20155444856689,3.2212035838199564e-05,0.8951016679030063,44,VIC,Victoria
VIC1,2025-09-01,-66.97994999999082,207.51671875001307,3381.1638499999995,1811.89,-1.20155444856689,3.2212035838199564e-05,0.8951016679030063,44,VIC,Victoria
VIC1,2025-10-01,47.814987500010375,135.92671875001406,3782.4495,1608.76,-1.20155444856689,3.2212035838199564e-05,0.8951016679030063,44,VIC,Victoria
VIC1,2025-11-01,13.176612500010378,167.36171875001378,3776.12485,1710.3,-1.20155444856689,3.2212035838199564e-05,0.8951016679030063,44,VIC,Victoria
VIC1,2025-12-01,39.255362500010506,-28.373281249984984,3984.082,1224.77,-1.20155444856689,3.2212035838199564e-05,0.8951016679030063,44,VIC,Victoria
VIC1,2026-01-01,9.39211250001108,-100.71828124998456,3912.3005000000003,1409.44,-1.20155444856689,3.2212035838199564e-05,0.8951016679030063,44,VIC,Victoria
VIC1,2026-02-01,32.55955000001177,104.35421875001566,3889.66275,2027.97,-1.20155444856689,3.2212035838199564e-05,0.8951016679030063,44,VIC,Victoria
VIC1,2026-03-01,-103.76426249998804,225.56421875001706,3568.209,2053.38,-1.20155444856689,3.2212035838199564e-05,0.8951016679030063,44,VIC,Victoria
NSW1,2022-08-01,-65.31205078125322,408.96874999999545,2743.6065,5287.63,-0.9966568508616716,0.00011855058234647853,0.8078762775123793,44,NSW,New South Wales
NSW1,2022-09-01,-179.63818828125204,47.03624999999647,3184.4556,4196.88,-0.9966568508616716,0.00011855058234647853,0.8078762775123793,44,NSW,New South Wales
NSW1,2022-10-01,-130.31505078125156,187.96124999999756,3568.1775,4130.43,-0.9966568508616716,0.00011855058234647853,0.8078762775123793,44,NSW,New South Wales
NSW1,2022-11-01,-104.8030757812503,-239.0187500000011,3697.81315,4138.2,-0.9966568508616716,0.00011855058234647853,0.8078762775123793,44,NSW,New South Wales
NSW1,2022-12-01,-251.15742578125037,373.7287499999993,3701.548,4530.54,-0.9966568508616716,0.00011855058234647853,0.8078762775123793,44,NSW,New South Wales
NSW1,2023-01-01,-145.41330078124975,-435.5962499999996,3697.245,4450.19,-0.9966568508616716,0.00011855058234647853,0.8078762775123793,44,NSW,New South Wales
NSW1,2023-02-01,15.967049218752436,-53.60624999999982,3801.2835,4604.97,-0.9966568508616716,0.00011855058234647853,0.8078762775123793,44,NSW,New South Wales
NSW1,2023-03-01,227.02182421875204,144.81125000000247,3773.2214999999997,5023.96,-0.9966568508616716,0.00011855058234647853,0.8078762775123793,44,NSW,New South Wales
NSW1,2023-04-01,43.374682812502215,-278.8908333333288,3345.9314999999997,3957.32,-0.9966568508616716,0.00011855058234647853,0.8078762775123793,44,NSW,New South Wales
NSW1,2023-05-01,331.3645494791699,-98.10749999999553,3026.8805,5205.52,-0.9966568508616716,0.00011855058234647853,0.8078762775123793,44,NSW,New South Wales
NSW1,2023-06-01,223.81213281250348,-161.9641666666621,2695.9276499999996,5642.4,-0.9966568508616716,0.00011855058234647853,0.8078762775123793,44,NSW,New South Wales
NSW1,2023-07-01,111.48888281250129,-567.7208333333292,2899.66,4890.02,-0.9966568508616716,0.00011855058234647853,0.8078762775123793,44,NSW,New South Wales
NSW1,2023-08-01,-72.94210026041401,116.77291666667043,3340.3810000000003,4653.4,-0.9966568508616716,0.00011855058234647853,0.8078762775123793,44,NSW,New South Wales
NSW1,2023-09-01,-11.072387760413221,159.4004166666714,3957.4259499999994,3967.21,-0.9966568508616716,0.00011855058234647853,0.8078762775123793,44,NSW,New South Wales
NSW1,2023-10-01,19.53439973958757,63.90541666667241,4322.431500000001,3664.34,-0.9966568508616716,0.00011855058234647853,0.8078762775123793,44,NSW,New South Wales
NSW1,2023-11-01,-118.58007526041092,-122.97458333332588,4288.4407,3912.21,-0.9966568508616716,0.00011855058234647853,0.8078762775123793,44,NSW,New South Wales
NSW1,2023-12-01,-39.33097526041092,252.20291666667435,4517.779,4066.98,-0.9966568508616716,0.00011855058234647853,0.8078762775123793,44,NSW,New South Wales
NSW1,2024-01-01,-57.338850260410254,293.43791666667494,4389.724,4837.19,-0.9966568508616716,0.00011855058234647853,0.8078762775123793,44,NSW,New South Wales
NSW1,2024-02-01,-94.24680026040915,554.5579166666748,4295.4742,4871.1,-0.9966568508616716,0.00011855058234647853,0.8078762775123793,44,NSW,New South Wales
NSW1,2024-03-01,-43.93422526040831,-160.02458333332288,4106.67,4377.09,-0.9966568508616716,0.00011855058234647853,0.8078762775123793,44,NSW,New South Wales
NSW1,2024-04-01,-57.98036666665803,340.04333333334625,3848.981,4234.22,-0.9966568508616716,0.00011855058234647853,0.8078762775123793,44,NSW,New South Wales
NSW1,2024-05-01,-34.208499999991545,175.58666666667887,3265.712,5137.18,-0.9966568508616716,0.00011855058234647853,0.8078762775123793,44,NSW,New South Wales
NSW1,2024-06-01,44.07783333334237,-107.10999999998694,3120.5978999999998,5355.22,-0.9966568508616716,0.00011855058234647853,0.8078762775123793,44,NSW,New South Wales
NSW1,2024-07-01,169.36333333334005,13.463333333344963,3561.939,5129.17,-0.9966568508616716,0.00011855058234647853,0.8078762775123793,44,NSW,New South Wales
NSW1,2024-08-01,270.4508502604249,-544.2229166666548,4288.1785,3650.37,-0.9966568508616716,0.00011855058234647853,0.8078762775123793,44,NSW,New South Wales
NSW1,2024-09-01,228.4255127604265,-184.8354166666536,4801.3284,3280.94,-0.9966568508616716,0.00011855058234647853,0.8078762775123793,44,NSW,New South Wales
NSW1,2024-10-01,131.68235026042657,-242.54041666665262,5038.984,3015.86,-0.9966568508616716,0.00011855058234647853,0.8078762775123793,44,NSW,New South Wales
NSW1,2024-11-01,8.997625260427412,463.0395833333487,5020.42295,4156.19,-0.9966568508616716,0.00011855058234647853,0.8078762775123793,44,NSW,New South Wales
NSW1,2024-12-01,255.28947526042793,-203.86291666665056,5416.804,3268.88,-0.9966568508616716,0.00011855058234647853,0.8078762775123793,44,NSW,New South Wales
NSW1,2025-01-01,143.85760026042863,-13.597916666649326,5195.325,4188.12,-0.9966568508616716,0.00011855058234647853,0.8078762775123793,44,NSW,New South Wales
NSW1,2025-02-01,165.82525026043004,-1442.25791666665,5159.9508,2532.25,-0.9966568508616716,0.00011855058234647853,0.8078762775123793,44,NSW,New South Wales
NSW1,2025-03-01,-9.088774739569999,342.24958333335235,4745.92,4537.33,-0.9966568508616716,0.00011855058234647853,0.8078762775123793,44,NSW,New South Wales
NSW1,2025-04-01,14.605683854179006,-61.15249999997923,4525.971599999999,3490.99,-0.9966568508616716,0.00011855058234647853,0.8078762775123793,44,NSW,New South Wales
NSW1,2025-05-01,-297.1560494791529,-77.47916666664605,3607.169,4542.08,-0.9966568508616716,0.00011855058234647853,0.8078762775123793,44,NSW,New South Wales
NSW1,2025-06-01,-267.88996614581856,269.07416666668814,3413.0346499999996,5389.37,-0.9966568508616716,0.00011855058234647853,0.8078762775123793,44,NSW,New South Wales
NSW1,2025-07-01,-280.8522161458204,554.2575000000206,3716.128,5327.93,-0.9966568508616716,0.00011855058234647853,0.8078762775123793,44,NSW,New South Wales
NSW1,2025-08-01,-132.19669921873628,18.481250000020736,4489.9355,3871.04,-0.9966568508616716,0.00011855058234647853,0.8078762775123793,44,NSW,New South Wales
NSW1,2025-09-01,-37.71493671873486,-21.601249999978336,5139.5925,3102.14,-0.9966568508616716,0.00011855058234647853,0.8078762775123793,44,NSW,New South Wales
NSW1,2025-10-01,-20.901699218734393,-9.326249999977335,5490.8045,2907.04,-0.9966568508616716,0.00011855058234647853,0.8078762775123793,44,NSW,New South Wales
NSW1,2025-11-01,214.38552578126655,-101.04624999997532,5830.2154,3250.07,-0.9966568508616716,0.00011855058234647853,0.8078762775123793,44,NSW,New South Wales
NSW1,2025-12-01,35.19892578126746,-422.06874999997535,5801.118,2708.64,-0.9966568508616716,0.00011855058234647853,0.8078762775123793,44,NSW,New South Wales
NSW1,2026-01-01,58.894550781266844,155.75625000002583,5714.7665,4015.44,-0.9966568508616716,0.00011855058234647853,0.8078762775123793,44,NSW,New South Wales
NSW1,2026-02-01,-87.54549921873149,941.3062500000246,5510.9846,4573.78,-0.9966568508616716,0.00011855058234647853,0.8078762775123793,44,NSW,New South Wales
NSW1,2026-03-01,-173.998824218731,-327.03624999997237,5185.4145,3526.01,-0.9966568508616716,0.00011855058234647853,0.8078762775123793,44,NSW,New South Wales
QLD1,2022-08-01,-75.43646093750249,78.07874999999694,2979.4660000000003,3365.01,-0.626698009923798,0.002940713268435349,0.8500738388864943,44,QLD,Queensland
QLD1,2022-09-01,-77.12897343750183,-52.646250000001146,3235.3866,3310.59,-0.626698009923798,0.002940713268435349,0.8500738388864943,44,QLD,Queensland
QLD1,2022-10-01,-53.54783593750153,273.38374999999996,3504.748,3625.94,-0.626698009923798,0.002940713268435349,0.8500738388864943,44,QLD,Queensland
QLD1,2022-11-01,-52.206985937500576,-359.54874999999856,3491.7066999999997,3449.61,-0.626698009923798,0.002940713268435349,0.8500738388864943,44,QLD,Queensland
QLD1,2022-12-01,-47.76046093750074,-178.33624999999938,3493.672,3859.83,-0.626698009923798,0.002940713268435349,0.8500738388864943,44,QLD,Queensland
QLD1,2023-01-01,114.36178906250007,-236.9162499999984,3439.677,4324.15,-0.626698009923798,0.002940713268435349,0.8500738388864943,44,QLD,Queensland
QLD1,2023-02-01,82.54950156250106,-254.08624999999756,3478.2362999999996,4361.15,-0.626698009923798,0.002940713268435349,0.8500738388864943,44,QLD,Queensland
QLD1,2023-03-01,303.64803906250154,81.0712500000036,3492.33,4455.84,-0.626698009923798,0.002940713268435349,0.8500738388864943,44,QLD,Queensland
QLD1,2023-04-01,142.03094270833526,-348.42416666666213,3497.23795,3363.46,-0.626698009923798,0.002940713268435349,0.8500738388864943,44,QLD,Queensland
QLD1,2023-05-01,246.38352604166857,-129.834166666662,3210.8505,3533.31,-0.626698009923798,0.002940713268435349,0.8500738388864943,44,QLD,Queensland
QLD1,2023-06-01,33.89119270833589,137.3058333333379,2857.53235,4013.49,-0.626698009923798,0.002940713268435349,0.8500738388864943,44,QLD,Queensland
QLD1,2023-07-01,-107.38930729166532,97.70583333333707,2985.4015,3797.6,-0.626698009923798,0.002940713268435349,0.8500738388864943,44,QLD,Queensland
QLD1,2023-08-01,-106.45982031249741,113.27291666666997,3397.126,3250.06,-0.626698009923798,0.002940713268435349,0.8500738388864943,44,QLD,Queensland
QLD1,2023-09-01,-60.629532812496564,-12.492083333328083,3700.5694,3200.6,-0.626698009923798,0.002940713268435349,0.8500738388864943,44,QLD,Queensland
QLD1,2023-10-01,-88.94319531249585,-185.50208333332648,3918.036,3016.91,-0.626698009923798,0.002940713268435349,0.8500738388864943,44,QLD,Queensland
QLD1,2023-11-01,-12.668195312494845,103.45541666667441,3979.9288500000002,3762.47,-0.626698009923798,0.002940713268435349,0.8500738388864943,44,QLD,Queensland
QLD1,2023-12-01,-62.094320312495256,390.22791666667445,3928.0215,4278.25,-0.626698009923798,0.002940713268435349,0.8500738388864943,44,QLD,Queensland
QLD1,2024-01-01,-264.0500703124949,259.7979166666755,3509.9485,4670.72,-0.626698009923798,0.002940713268435349,0.8500738388864943,44,QLD,Queensland
QLD1,2024-02-01,-14.61955781249344,250.50791666667646,3829.7506,4715.6,-0.626698009923798,0.002940713268435349,0.8500738388864943,44,QLD,Queensland
QLD1,2024-03-01,-22.08082031249296,161.6554166666774,3615.2844999999998,4386.28,-0.626698009923798,0.002940713268435349,0.8500738388864943,44,QLD,Queensland
QLD1,2024-04-01,-88.93541666666033,210.07000000001153,3714.9549499999994,3771.81,-0.626698009923798,0.002940713268435349,0.8500738388864943,44,QLD,Queensland
QLD1,2024-05-01,-101.88133333332553,-21.169999999988704,3311.2690000000002,3491.83,-0.626698009923798,0.002940713268435349,0.8500738388864943,44,QLD,Queensland
QLD1,2024-06-01,-14.938666666658719,-17.829999999988104,3257.38585,3708.21,-0.626698009923798,0.002940713268435349,0.8500738388864943,44,QLD,Queensland
QLD1,2024-07-01,103.89533333333975,-215.59999999998945,3645.3695,3334.15,-0.626698009923798,0.002940713268435349,0.8500738388864943,44,QLD,Queensland
QLD1,2024-08-01,32.682820312508284,-11.332916666656274,3984.952,2975.31,-0.626698009923798,0.002940713268435349,0.8500738388864943,44,QLD,Queensland
QLD1,2024-09-01,43.60290781250842,41.24208333334536,4253.485199999999,3104.19,-0.626698009923798,0.002940713268435349,0.8500738388864943,44,QLD,Queensland
QLD1,2024-10-01,25.692945312508527,-61.17791666665289,4481.3555,2991.09,-0.626698009923798,0.002940713268435349,0.8500738388864943,44,QLD,Queensland
QLD1,2024-11-01,86.44734531251015,-8.430416666651581,4527.72775,3500.44,-0.626698009923798,0.002940713268435349,0.8500738388864943,44,QLD,Queensland
QLD1,2024-12-01,95.30382031251065,-190.45791666665218,4534.103,3547.42,-0.626698009923798,0.002940713268435349,0.8500738388864943,44,QLD,Queensland
QLD1,2025-01-01,174.57807031251104,90.63208333334842,4397.26,4351.41,-0.626698009923798,0.002940713268435349,0.8500738388864943,44,QLD,Queensland
QLD1,2025-02-01,-102.9096671874886,-26.647916666650417,4190.1438499999995,4288.3,-0.626698009923798,0.002940713268435349,0.8500738388864943,44,QLD,Queensland
QLD1,2025-03-01,-203.7156796874874,482.3495833333509,3882.333,4556.83,-0.626698009923798,0.002940713268435349,0.8500738388864943,44,QLD,Queensland
QLD1,2025-04-01,-53.09552604165492,138.3541666666847,4199.4782,3549.95,-0.626698009923798,0.002940713268435349,0.8500738388864943,44,QLD,Queensland
QLD1,2025-05-01,-144.5021927083203,151.00416666668525,3717.3315000000002,3513.86,-0.626698009923798,0.002940713268435349,0.8500738388864943,44,QLD,Queensland
QLD1,2025-06-01,-18.952526041653073,-119.47583333331477,3702.05535,3456.42,-0.626698009923798,0.002940713268435349,0.8500738388864943,44,QLD,Queensland
QLD1,2025-07-01,3.493973958345123,117.89416666668421,3993.6515,3517.5,-0.626698009923798,0.002940713268435349,0.8500738388864943,44,QLD,Queensland
QLD1,2025-08-01,149.21346093751345,-180.0187499999829,4550.166,2656.48,-0.626698009923798,0.002940713268435349,0.8500738388864943,44,QLD,Queensland
QLD1,2025-09-01,94.15559843751453,23.89625000001888,4752.7212500000005,2936.7,-0.626698009923798,0.002940713268435349,0.8500738388864943,44,QLD,Queensland
QLD1,2025-10-01,116.79808593751477,-26.703749999979664,5021.144,2875.42,-0.626698009923798,0.002940713268435349,0.8500738388864943,44,QLD,Queensland
QLD1,2025-11-01,-21.572164062484262,264.52375000002166,4868.3916,3623.25,-0.626698009923798,0.002940713268435349,0.8500738388864943,44,QLD,Queensland
QLD1,2025-12-01,14.550960937514901,-21.433749999978318,4902.0335,3566.3,-0.626698009923798,0.002940713268435349,0.8500738388864943,44,QLD,Queensland
QLD1,2026-01-01,-24.889789062483942,-113.51374999997734,4646.4755000000005,3997.12,-0.626698009923798,0.002940713268435349,0.8500738388864943,44,QLD,Queensland
QLD1,2026-02-01,34.97972343751826,30.226250000022446,4776.716600000001,4195.03,-0.626698009923798,0.002940713268435349,0.8500738388864943,44,QLD,Queensland
QLD1,2026-03-01,-77.8515390624816,-725.0762499999755,4456.8805,3199.26,-0.626698009923798,0.002940713268435349,0.8500738388864943,44,QLD,Queensland
TAS1,2022-08-01,6.297754687499875,-47.66906250000045,113.771,812.89,0.7675071360186325,0.4810849169920889,0.547456339961057,44,TAS,Tasmania
TAS1,2022-09-01,-9.826682812500081,5.005937499999504,129.01975,847.55,0.7675071360186325,0.4810849169920889,0.547456339961057,44,TAS,Tasmania
TAS1,2022-10-01,-13.551245312500043,-167.44656250000003,158.555,619.99,0.7675071360186325,0.4810849169920889,0.547456339961057,44,TAS,Tasmania
TAS1,2022-11-01,-5.700607812499982,1.560937499999909,172.20705,785.3,0.7675071360186325,0.4810849169920889,0.547456339961057,44,TAS,Tasmania
TAS1,2022-12-01,-7.822495312499996,11.063437500000077,180.732,770.52,0.7675071360186325,0.4810849169920889,0.547456339961057,44,TAS,Tasmania
TAS1,2023-01-01,-12.600495312499987,11.788437500000214,177.4915,764.99,0.7675071360186325,0.4810849169920889,0.547456339961057,44,TAS,Tasmania
TAS1,2023-02-01,-9.122320312499909,-133.89906249999967,179.60925,635.06,0.7675071360186325,0.4810849169920889,0.547456339961057,44,TAS,Tasmania
TAS1,2023-03-01,-2.9181203124999513,-1.2015624999994543,177.0025,811.04,0.7675071360186325,0.4810849169920889,0.547456339961057,44,TAS,Tasmania
TAS1,2023-04-01,4.870003125000068,90.80562500000076,153.1593,833.17,0.7675071360186325,0.4810849169920889,0.547456339961057,44,TAS,Tasmania
TAS1,2023-05-01,16.245003125000125,34.78229166666756,135.2945,898.32,0.7675071360186325,0.4810849169920889,0.547456339961057,44,TAS,Tasmania
TAS1,2023-06-01,18.161586458333446,-25.237708333332534,110.12404999999998,954.17,0.7675071360186325,0.4810849169920889,0.547456339961057,44,TAS,Tasmania
TAS1,2023-07-01,13.425669791666735,-76.66104166666594,118.55250000000001,890.68,0.7675071360186325,0.4810849169920889,0.547456339961057,44,TAS,Tasmania
TAS1,2023-08-01,7.965918229166789,-0.964687499998945,143.9135,827.58,0.7675071360186325,0.4810849169920889,0.547456339961057,44,TAS,Tasmania
TAS1,2023-09-01,16.80633072916686,-6.799687499998981,184.1271,803.73,0.7675071360186325,0.4810849169920889,0.547456339961057,44,TAS,Tasmania
TAS1,2023-10-01,5.709418229166914,87.35781250000139,206.29000000000002,842.78,0.7675071360186325,0.4810849169920889,0.547456339961057,44,TAS,Tasmania
TAS1,2023-11-01,8.239605729166925,62.45531250000124,214.6216,814.18,0.7675071360186325,0.4810849169920889,0.547456339961057,44,TAS,Tasmania
TAS1,2023-12-01,-2.0803317708330837,102.80781250000155,214.9485,830.25,0.7675071360186325,0.4810849169920889,0.547456339961057,44,TAS,Tasmania
TAS1,2024-01-01,3.6411682291669365,14.412812500001678,222.2075,735.6,0.7675071360186325,0.4810849169920889,0.547456339961057,44,TAS,Tasmania
TAS1,2024-02-01,6.023093229167017,78.8453125000018,223.229,815.79,0.7675071360186325,0.4810849169920889,0.547456339961057,44,TAS,Tasmania
TAS1,2024-03-01,1.3415432291670015,61.95281250000187,209.7365,842.18,0.7675071360186325,0.4810849169920889,0.547456339961057,44,TAS,Tasmania
TAS1,2024-04-01,-4.039783333332991,-219.71999999999775,172.72385,490.63,0.7675071360186325,0.4810849169920889,0.547456339961057,44,TAS,Tasmania
TAS1,2024-05-01,-2.1988333333329706,-103.79333333333102,145.325,727.73,0.7675071360186325,0.4810849169920889,0.547456339961057,44,TAS,Tasmania
TAS1,2024-06-01,-6.71359999999963,58.346666666668966,113.72319999999999,1005.74,0.7675071360186325,0.4810849169920889,0.547456339961057,44,TAS,Tasmania
TAS1,2024-07-01,-3.7881666666663705,85.07333333333554,129.813,1020.4,0.7675071360186325,0.4810849169920889,0.547456339961057,44,TAS,Tasmania
TAS1,2024-08-01,-14.263418229166291,72.70968750000236,150.1585,869.24,0.7675071360186325,0.4810849169920889,0.547456339961057,44,TAS,Tasmania
TAS1,2024-09-01,-3.44670572916624,11.96468750000247,192.34839999999997,790.48,0.7675071360186325,0.4810849169920889,0.547456339961057,44,TAS,Tasmania
TAS1,2024-10-01,-7.351918229166188,55.602187500002856,221.703,779.01,0.7675071360186325,0.4810849169920889,0.547456339961057,44,TAS,Tasmania
TAS1,2024-11-01,2.3461192708338388,91.64968750000276,237.20245,811.36,0.7675071360186325,0.4810849169920889,0.547456339961057,44,TAS,Tasmania
TAS1,2024-12-01,3.5028317708338363,-23.097812499997076,249.006,672.33,0.7675071360186325,0.4810849169920889,0.547456339961057,44,TAS,Tasmania
TAS1,2025-01-01,3.095831770833854,3.2171875000030923,250.1365,692.39,0.7675071360186325,0.4810849169920889,0.547456339961057,44,TAS,Tasmania
TAS1,2025-02-01,-2.6729432291660373,46.20968750000327,243.00730000000001,751.14,0.7675071360186325,0.4810849169920889,0.547456339961057,44,TAS,Tasmania
TAS1,2025-03-01,0.5652067708339246,36.71718750000332,237.4345,784.93,0.7675071360186325,0.4810849169920889,0.547456339961057,44,TAS,Tasmania
TAS1,2025-04-01,-0.8302197916660816,128.9143750000036,204.40775,807.25,0.7675071360186325,0.4810849169920889,0.547456339961057,44,TAS,Tasmania
TAS1,2025-05-01,-14.046169791666017,69.01104166667028,161.952,868.52,0.7675071360186325,0.4810849169920889,0.547456339961057,44,TAS,Tasmania
TAS1,2025-06-01,-11.447986458332679,-33.10895833332961,137.46315,882.27,0.7675071360186325,0.4810849169920889,0.547456339961057,44,TAS,Tasmania
TAS1,2025-07-01,-9.637503124999427,-8.412291666663009,152.438,894.9,0.7675071360186325,0.4810849169920889,0.547456339961057,44,TAS,Tasmania
TAS1,2025-08-01,-0.0002546874993356596,-24.075937499996144,192.89600000000002,740.44,0.7675071360186325,0.4810849169920889,0.547456339961057,44,TAS,Tasmania
TAS1,2025-09-01,-3.532942187499316,-10.170937499996171,220.73649999999998,736.33,0.7675071360186325,0.4810849169920889,0.547456339961057,44,TAS,Tasmania
TAS1,2025-10-01,15.19374531250071,24.48656250000431,272.72299999999996,715.88,0.7675071360186325,0.4810849169920889,0.547456339961057,44,TAS,Tasmania
TAS1,2025-11-01,-4.885117187499247,-155.66593749999583,258.44554999999997,532.03,0.7675071360186325,0.4810849169920889,0.547456339961057,44,TAS,Tasmania
TAS1,2025-12-01,6.399995312500778,-90.77343749999568,280.3775,572.64,0.7675071360186325,0.4810849169920889,0.547456339961057,44,TAS,Tasmania
TAS1,2026-01-01,5.863495312500788,-29.418437499995548,281.37850000000003,627.74,0.7675071360186325,0.4810849169920889,0.547456339961057,44,TAS,Tasmania
TAS1,2026-02-01,5.772170312500805,8.844062500004725,279.92674999999997,681.76,0.7675071360186325,0.4810849169920889,0.547456339961057,44,TAS,Tasmania
TAS1,2026-03-01,1.0113703125008442,-97.46843749999516,266.355,618.73,0.7675071360186325,0.4810849169920889,0.547456339961057,44,TAS,Tasmania
